{"cameraMode":{"drawMode":0,"name":"Shaded","section":"Shading Mode"},"sceneLighting":true,"audioPlay":false,"sceneViewState":{"showFog":true,"showMaterialUpdate":false,"showSkybox":true,"showFlares":true,"showImageEffects":true,"showParticleSystems":true},"in2DMode":false,"pivot":{"x":12.002674102783204,"y":-5.884208679199219,"z":61.88671112060547},"rotation":{"x":0.09277111291885376,"y":0.04594733938574791,"z":-0.004326873458921909,"w":0.9947044253349304},"size":43.33160400390625,"orthographic":false}