{"cameraMode":{"drawMode":0,"name":"Shaded","section":"Shading Mode"},"sceneLighting":true,"audioPlay":false,"sceneViewState":{"showFog":true,"showMaterialUpdate":false,"showSkybox":true,"showFlares":true,"showImageEffects":true,"showParticleSystems":true},"in2DMode":false,"pivot":{"x":-0.15045404434204102,"y":6.9633684158325199,"z":-1.2601890563964844},"rotation":{"x":0.002995123853906989,"y":0.05696925148367882,"z":-0.00017089408356696367,"w":0.9983727335929871},"size":12.58851432800293,"orthographic":false}